AL_SERVER01_M01_HBAP01,10:00:00:00:00:00:10:01
AL_SERVER01_M01_HBAP02,10:00:00:00:00:00:10:02
AL_SERVER01_M02_HBAP01,10:00:00:00:00:00:20:01
AL_SERVER01_M02_HBAP02,10:00:00:00:00:00:20:02
AL_STR01_CTE0A_M01_P01,20:00:00:00:00:00:10:01
AL_STR01_CTE0A_M01_P02,20:00:00:00:00:00:10:02
AL_STR01_CTE0A_M01_P03,20:00:00:00:00:00:10:03
AL_STR01_CTE0A_M01_P04,20:00:00:00:00:00:10:04
AL_STR01_CTE0B_M01_P01,20:00:00:00:00:00:20:01
AL_STR01_CTE0B_M01_P02,20:00:00:00:00:00:20:02
AL_STR01_CTE0B_M01_P03,20:00:00:00:00:00:20:03
AL_STR01_CTE0B_M01_P04,20:00:00:00:00:00:20:04